timestamp,stock_a,stock_b,status,direction,z_score,beta,bt_trades,bt_win_rate,bt_profit_factor,bt_total_pnl,bt_sharpe,bt_avg_hold,reject_reason
2026-02-17 19:37:25,APD,IP,VERIFIED,LONG,-1.8759,0.6456,27,59.3,2.99,+291.46,+1.65,13.1,
2026-02-17 19:37:25,GL,TRV,VERIFIED,LONG,-1.5111,0.3653,30,50.0,1.26,+89.74,+0.26,12.7,
2026-02-17 19:37:25,CEG,XEL,VERIFIED,SHORT,+3.9087,-0.4126,21,52.4,1.32,+114.72,+0.33,18.5,
2026-02-17 19:37:25,BF-B,GIS,VERIFIED,LONG,-2.8896,0.9200,23,60.9,3.40,+386.60,+1.75,16.3,
2026-02-17 19:37:25,DG,DLTR,VERIFIED,SHORT,+2.6056,1.2624,22,50.0,1.34,+125.88,+0.43,16.2,
2026-02-17 19:37:25,HWM,JCI,REJECTED,LONG,-2.6954,0.4048,25,28.0,0.38,-368.53,-1.36,15.4,WR 28.0% < 50.0% | PF 0.38x < 1.1x | P&L $-368.53 ≤ $0
2026-02-17 19:37:25,PPL,WEC,REJECTED,SHORT,+1.7558,0.7866,28,35.7,0.55,-63.18,-1.00,13.6,WR 35.7% < 50.0% | PF 0.55x < 1.1x | P&L $-63.18 ≤ $0
2026-02-17 19:37:25,J,PNR,REJECTED,SHORT,+1.6183,-0.4687,18,44.4,1.08,+21.84,+0.10,20.9,WR 44.4% < 50.0% | PF 1.08x < 1.1x
2026-02-17 19:37:25,NI,XEL,REJECTED,LONG,-4.0457,0.5162,23,39.1,0.51,-79.29,-1.03,15.3,WR 39.1% < 50.0% | PF 0.51x < 1.1x | P&L $-79.29 ≤ $0
2026-02-17 19:37:25,AME,LUV,REJECTED,LONG,-1.6611,0.3894,32,37.5,0.68,-187.82,-0.63,11.9,WR 37.5% < 50.0% | PF 0.68x < 1.1x | P&L $-187.82 ≤ $0
2026-02-17 19:37:25,KEY,RF,REJECTED,SHORT,+3.0635,1.2112,33,27.3,0.30,-135.33,-1.82,9.5,WR 27.3% < 50.0% | PF 0.30x < 1.1x | P&L $-135.33 ≤ $0
2026-02-17 19:37:25,EME,NSC,REJECTED,LONG,-1.8429,1.7710,25,52.0,0.99,-4.13,-0.02,15.3,PF 0.99x < 1.1x | P&L $-4.13 ≤ $0
2026-02-17 19:37:25,LNT,XEL,REJECTED,LONG,-3.0204,0.5835,32,28.1,0.64,-51.52,-0.64,10.8,WR 28.1% < 50.0% | PF 0.64x < 1.1x | P&L $-51.52 ≤ $0
2026-02-17 19:37:25,ALL,TRV,REJECTED,SHORT,+2.6213,0.7327,29,37.9,0.50,-116.07,-1.20,12.3,WR 37.9% < 50.0% | PF 0.50x < 1.1x | P&L $-116.07 ≤ $0
2026-02-17 19:37:25,CMI,LUV,REJECTED,SHORT,+2.2969,0.4658,26,26.9,0.62,-215.65,-0.67,13.9,WR 26.9% < 50.0% | PF 0.62x < 1.1x | P&L $-215.65 ≤ $0
2026-02-17 19:37:25,GOOG,WBD,REJECTED,SHORT,+2.5968,0.2095,28,39.3,0.70,-213.03,-0.62,12.8,WR 39.3% < 50.0% | PF 0.70x < 1.1x | P&L $-213.03 ≤ $0
2026-02-17 19:37:25,DHR,REGN,REJECTED,SHORT,+2.1933,0.1578,25,44.0,1.05,+20.93,+0.09,14.4,WR 44.0% < 50.0% | PF 1.05x < 1.1x
2026-02-17 19:37:25,GOOGL,WBD,REJECTED,SHORT,+2.6033,0.2026,28,42.9,0.74,-184.93,-0.53,12.8,WR 42.9% < 50.0% | PF 0.74x < 1.1x | P&L $-184.93 ≤ $0
2026-02-17 19:37:25,COF,WFC,REJECTED,SHORT,+1.5347,1.2049,28,28.6,0.73,-43.51,-0.49,12.2,WR 28.6% < 50.0% | PF 0.73x < 1.1x | P&L $-43.51 ≤ $0
2026-02-17 19:37:25,BAX,MOH,REJECTED,SHORT,+2.1418,0.0908,23,43.5,0.89,-47.92,-0.18,17.5,WR 43.5% < 50.0% | PF 0.89x < 1.1x | P&L $-47.92 ≤ $0
2026-02-17 19:37:25,AMZN,TSLA,REJECTED,LONG,-3.4627,0.1496,28,35.7,0.56,-374.34,-0.77,11.5,WR 35.7% < 50.0% | PF 0.56x < 1.1x | P&L $-374.34 ≤ $0
2026-02-17 19:37:25,HD,NCLH,REJECTED,LONG,-2.5054,0.2091,27,40.7,0.79,-104.32,-0.35,13.8,WR 40.7% < 50.0% | PF 0.79x < 1.1x | P&L $-104.32 ≤ $0
2026-02-17 19:37:25,AXP,BAC,REJECTED,SHORT,+1.5177,0.7471,23,26.1,0.31,-174.01,-1.57,16.7,WR 26.1% < 50.0% | PF 0.31x < 1.1x | P&L $-174.01 ≤ $0
2026-02-17 19:37:25,GOOGL,GOOG,REJECTED,LONG,-2.4587,1.0085,24,0.0,0.00,-61.82,-11.30,14.2,WR 0.0% < 50.0% | PF 0.00x < 1.1x | P&L $-61.82 ≤ $0
2026-02-17 19:37:25,IR,ODFL,REJECTED,LONG,-1.9006,0.5542,25,48.0,0.27,-333.34,-1.71,13.6,WR 48.0% < 50.0% | PF 0.27x < 1.1x | P&L $-333.34 ≤ $0
2026-02-17 19:37:25,IBKR,WFC,REJECTED,LONG,-1.6991,0.3846,23,47.8,0.54,-184.41,-0.93,14.4,WR 47.8% < 50.0% | PF 0.54x < 1.1x | P&L $-184.41 ≤ $0
2026-02-17 19:38:43,APD,IP,VERIFIED,LONG,-1.8759,0.6456,27,59.3,2.99,+291.46,+1.65,13.1,
2026-02-17 19:38:43,GL,TRV,VERIFIED,LONG,-1.5111,0.3653,30,50.0,1.26,+89.74,+0.26,12.7,
2026-02-17 19:38:43,CEG,XEL,VERIFIED,SHORT,+3.9087,-0.4126,21,52.4,1.32,+114.72,+0.33,18.5,
2026-02-17 19:38:43,BF-B,GIS,VERIFIED,LONG,-2.8896,0.9200,23,60.9,3.40,+386.61,+1.75,16.3,
2026-02-17 19:38:43,DG,DLTR,VERIFIED,SHORT,+2.6056,1.2624,22,50.0,1.34,+125.88,+0.43,16.2,
2026-02-17 19:38:43,HWM,JCI,REJECTED,LONG,-2.6954,0.4048,25,28.0,0.38,-368.53,-1.36,15.4,WR 28.0% < 50.0% | PF 0.38x < 1.1x | P&L $-368.53 ≤ $0
2026-02-17 19:38:43,PPL,WEC,REJECTED,SHORT,+1.7558,0.7866,28,35.7,0.55,-63.18,-1.00,13.6,WR 35.7% < 50.0% | PF 0.55x < 1.1x | P&L $-63.18 ≤ $0
2026-02-17 19:38:43,J,PNR,REJECTED,SHORT,+1.6183,-0.4687,18,44.4,1.08,+21.84,+0.10,20.9,WR 44.4% < 50.0% | PF 1.08x < 1.1x
2026-02-17 19:38:43,NI,XEL,REJECTED,LONG,-4.0457,0.5162,23,39.1,0.51,-79.29,-1.03,15.3,WR 39.1% < 50.0% | PF 0.51x < 1.1x | P&L $-79.29 ≤ $0
2026-02-17 19:38:43,AME,LUV,REJECTED,LONG,-1.6611,0.3894,32,37.5,0.68,-187.82,-0.63,11.9,WR 37.5% < 50.0% | PF 0.68x < 1.1x | P&L $-187.82 ≤ $0
2026-02-17 19:38:43,KEY,RF,REJECTED,SHORT,+3.0635,1.2112,33,27.3,0.30,-135.33,-1.82,9.5,WR 27.3% < 50.0% | PF 0.30x < 1.1x | P&L $-135.33 ≤ $0
2026-02-17 19:38:43,EME,NSC,REJECTED,LONG,-1.8429,1.7710,25,52.0,0.99,-4.13,-0.02,15.3,PF 0.99x < 1.1x | P&L $-4.13 ≤ $0
2026-02-17 19:38:43,LNT,XEL,REJECTED,LONG,-3.0204,0.5835,32,28.1,0.64,-51.52,-0.64,10.8,WR 28.1% < 50.0% | PF 0.64x < 1.1x | P&L $-51.52 ≤ $0
2026-02-17 19:38:43,ALL,TRV,REJECTED,SHORT,+2.6213,0.7327,29,37.9,0.50,-116.07,-1.20,12.3,WR 37.9% < 50.0% | PF 0.50x < 1.1x | P&L $-116.07 ≤ $0
2026-02-17 19:38:43,CMI,LUV,REJECTED,SHORT,+2.2969,0.4658,26,26.9,0.62,-215.65,-0.67,13.9,WR 26.9% < 50.0% | PF 0.62x < 1.1x | P&L $-215.65 ≤ $0
2026-02-17 19:38:43,GOOG,WBD,REJECTED,SHORT,+2.5968,0.2095,28,39.3,0.70,-213.03,-0.62,12.8,WR 39.3% < 50.0% | PF 0.70x < 1.1x | P&L $-213.03 ≤ $0
2026-02-17 19:38:43,DHR,REGN,REJECTED,SHORT,+2.1933,0.1578,25,44.0,1.05,+20.93,+0.09,14.4,WR 44.0% < 50.0% | PF 1.05x < 1.1x
2026-02-17 19:38:43,GOOGL,WBD,REJECTED,SHORT,+2.6033,0.2026,28,42.9,0.74,-184.93,-0.53,12.8,WR 42.9% < 50.0% | PF 0.74x < 1.1x | P&L $-184.93 ≤ $0
2026-02-17 19:38:43,COF,WFC,REJECTED,SHORT,+1.5347,1.2049,28,28.6,0.73,-43.51,-0.49,12.2,WR 28.6% < 50.0% | PF 0.73x < 1.1x | P&L $-43.51 ≤ $0
2026-02-17 19:38:43,BAX,MOH,REJECTED,SHORT,+2.1418,0.0908,23,43.5,0.89,-47.92,-0.18,17.5,WR 43.5% < 50.0% | PF 0.89x < 1.1x | P&L $-47.92 ≤ $0
2026-02-17 19:38:43,AMZN,TSLA,REJECTED,LONG,-3.4627,0.1496,28,35.7,0.56,-374.34,-0.77,11.5,WR 35.7% < 50.0% | PF 0.56x < 1.1x | P&L $-374.34 ≤ $0
2026-02-17 19:38:43,HD,NCLH,REJECTED,LONG,-2.5054,0.2091,27,40.7,0.79,-104.32,-0.35,13.8,WR 40.7% < 50.0% | PF 0.79x < 1.1x | P&L $-104.32 ≤ $0
2026-02-17 19:38:43,AXP,BAC,REJECTED,SHORT,+1.5177,0.7471,23,26.1,0.31,-174.01,-1.57,16.7,WR 26.1% < 50.0% | PF 0.31x < 1.1x | P&L $-174.01 ≤ $0
2026-02-17 19:38:43,GOOGL,GOOG,REJECTED,LONG,-2.4587,1.0085,24,0.0,0.00,-61.82,-11.30,14.2,WR 0.0% < 50.0% | PF 0.00x < 1.1x | P&L $-61.82 ≤ $0
2026-02-17 19:38:43,IR,ODFL,REJECTED,LONG,-1.9006,0.5542,25,48.0,0.27,-333.34,-1.71,13.6,WR 48.0% < 50.0% | PF 0.27x < 1.1x | P&L $-333.34 ≤ $0
2026-02-17 19:38:43,IBKR,WFC,REJECTED,LONG,-1.6991,0.3846,23,47.8,0.54,-184.41,-0.93,14.4,WR 47.8% < 50.0% | PF 0.54x < 1.1x | P&L $-184.41 ≤ $0
2026-02-17 19:54:32,HWM,JCI,REJECTED,LONG,-2.6954,0.4048,25,28.0,0.38,-368.53,-1.36,15.4,WR 28.0% < 50.0% | PF 0.38x < 1.1x | P&L $-368.53 ≤ $0 | H1 weak: WR=25% P&L=$-345 | H2 weak: WR=31% P&L=$-23 | Recent coint weak: ADF p=0.640 > 0.1
2026-02-17 19:54:32,APD,IP,REJECTED,LONG,-1.8759,0.6456,27,59.3,2.99,+291.46,+1.65,13.1,Recent coint weak: ADF p=0.727 > 0.1
2026-02-17 19:54:32,PPL,WEC,REJECTED,SHORT,+1.7558,0.7866,28,35.7,0.55,-63.18,-1.00,13.6,WR 35.7% < 50.0% | PF 0.55x < 1.1x | P&L $-63.18 ≤ $0 | H1 weak: WR=43% P&L=$+6 | H2 weak: WR=29% P&L=$-70 | Recent coint weak: ADF p=0.348 > 0.1
2026-02-17 19:54:32,J,PNR,REJECTED,SHORT,+1.6183,-0.4687,18,44.4,1.08,+21.84,+0.10,20.9,WR 44.4% < 50.0% | PF 1.08x < 1.1x | H1 weak: WR=22% P&L=$-132 | Recent coint weak: ADF p=0.367 > 0.1
2026-02-17 19:54:32,NI,XEL,REJECTED,LONG,-4.0457,0.5162,23,39.1,0.51,-79.29,-1.03,15.3,WR 39.1% < 50.0% | PF 0.51x < 1.1x | P&L $-79.29 ≤ $0 | H1 weak: WR=18% P&L=$-88 | Recent coint weak: ADF p=0.211 > 0.1
2026-02-17 19:54:32,AME,LUV,REJECTED,LONG,-1.6611,0.3894,32,37.5,0.68,-187.82,-0.63,11.9,WR 37.5% < 50.0% | PF 0.68x < 1.1x | P&L $-187.82 ≤ $0 | H1 weak: WR=31% P&L=$-285 | H2 weak: WR=44% P&L=$+97 | Recent coint weak: ADF p=0.425 > 0.1
2026-02-17 19:54:32,KEY,RF,REJECTED,SHORT,+3.0635,1.2112,33,27.3,0.30,-135.33,-1.82,9.5,WR 27.3% < 50.0% | PF 0.30x < 1.1x | P&L $-135.33 ≤ $0 | H1 weak: WR=31% P&L=$-89 | H2 weak: WR=24% P&L=$-46 | Recent coint weak: ADF p=0.769 > 0.1
2026-02-17 19:54:32,EME,NSC,REJECTED,LONG,-1.8429,1.7710,25,52.0,0.99,-4.13,-0.02,15.3,PF 0.99x < 1.1x | P&L $-4.13 ≤ $0 | H2 weak: WR=54% P&L=$-38 | Recent coint weak: ADF p=0.401 > 0.1
2026-02-17 19:54:32,LNT,XEL,REJECTED,LONG,-3.0204,0.5835,32,28.1,0.64,-51.52,-0.64,10.8,WR 28.1% < 50.0% | PF 0.64x < 1.1x | P&L $-51.52 ≤ $0 | H1 weak: WR=25% P&L=$-61 | H2 weak: WR=31% P&L=$+10 | Recent coint weak: ADF p=0.743 > 0.1
2026-02-17 19:54:32,ALL,TRV,REJECTED,SHORT,+2.6213,0.7327,29,37.9,0.50,-116.07,-1.20,12.3,WR 37.9% < 50.0% | PF 0.50x < 1.1x | P&L $-116.07 ≤ $0 | H1 weak: WR=43% P&L=$-39 | H2 weak: WR=33% P&L=$-77 | Recent coint weak: ADF p=0.178 > 0.1
2026-02-17 19:54:32,CMI,LUV,REJECTED,SHORT,+2.2969,0.4658,26,26.9,0.62,-215.65,-0.67,13.9,WR 26.9% < 50.0% | PF 0.62x < 1.1x | P&L $-215.65 ≤ $0 | H1 weak: WR=31% P&L=$-188 | H2 weak: WR=23% P&L=$-28
2026-02-17 19:54:32,GL,TRV,REJECTED,LONG,-1.5111,0.3653,30,50.0,1.26,+89.74,+0.26,12.7,H1 weak: WR=40% P&L=$+88 | Recent coint weak: ADF p=0.289 > 0.1
2026-02-17 19:54:32,CEG,XEL,REJECTED,SHORT,+3.9087,-0.4126,21,52.4,1.32,+114.72,+0.33,18.5,Recent coint weak: ADF p=0.976 > 0.1
2026-02-17 19:54:32,GOOG,WBD,REJECTED,SHORT,+2.5968,0.2095,28,39.3,0.70,-213.03,-0.62,12.8,WR 39.3% < 50.0% | PF 0.70x < 1.1x | P&L $-213.03 ≤ $0 | H1 weak: WR=43% P&L=$-70 | H2 weak: WR=36% P&L=$-143 | Recent coint weak: ADF p=0.383 > 0.1
2026-02-17 19:54:32,DHR,REGN,REJECTED,SHORT,+2.1933,0.1578,25,44.0,1.05,+20.93,+0.09,14.4,WR 44.0% < 50.0% | PF 1.05x < 1.1x | H2 weak: WR=31% P&L=$-129 | Recent coint weak: ADF p=0.454 > 0.1
2026-02-17 19:54:32,GOOGL,WBD,REJECTED,SHORT,+2.6033,0.2026,28,42.9,0.74,-184.93,-0.53,12.8,WR 42.9% < 50.0% | PF 0.74x < 1.1x | P&L $-184.93 ≤ $0 | H1 weak: WR=43% P&L=$-50 | H2 weak: WR=43% P&L=$-135 | Recent coint weak: ADF p=0.392 > 0.1
2026-02-17 19:54:32,COF,WFC,REJECTED,SHORT,+1.5347,1.2049,28,28.6,0.73,-43.51,-0.49,12.2,WR 28.6% < 50.0% | PF 0.73x < 1.1x | P&L $-43.51 ≤ $0 | H1 weak: WR=36% P&L=$+15 | H2 weak: WR=21% P&L=$-59 | Last 5 trades ALL losers | Recent coint weak: ADF p=0.849 > 0.1
2026-02-17 19:54:32,BAX,MOH,REJECTED,SHORT,+2.1418,0.0908,23,43.5,0.89,-47.92,-0.18,17.5,WR 43.5% < 50.0% | PF 0.89x < 1.1x | P&L $-47.92 ≤ $0 | H2 weak: WR=25% P&L=$-213 | Recent coint weak: ADF p=0.104 > 0.1
2026-02-17 19:54:32,AMZN,TSLA,REJECTED,LONG,-3.4627,0.1496,28,35.7,0.56,-374.34,-0.77,11.5,WR 35.7% < 50.0% | PF 0.56x < 1.1x | P&L $-374.34 ≤ $0 | H1 weak: WR=21% P&L=$+8 | H2 weak: WR=50% P&L=$-382 | Recent coint weak: ADF p=0.291 > 0.1
2026-02-17 19:54:32,HD,NCLH,REJECTED,LONG,-2.5054,0.2091,27,40.7,0.79,-104.32,-0.35,13.8,WR 40.7% < 50.0% | PF 0.79x < 1.1x | P&L $-104.32 ≤ $0 | H2 weak: WR=36% P&L=$-102
2026-02-17 19:54:32,AXP,BAC,REJECTED,SHORT,+1.5177,0.7471,23,26.1,0.31,-174.01,-1.57,16.7,WR 26.1% < 50.0% | PF 0.31x < 1.1x | P&L $-174.01 ≤ $0 | H1 weak: WR=18% P&L=$-165 | H2 weak: WR=33% P&L=$-9 | Recent coint weak: ADF p=0.799 > 0.1
2026-02-17 19:54:32,GOOGL,GOOG,REJECTED,LONG,-2.4587,1.0085,24,0.0,0.00,-61.82,-11.30,14.2,WR 0.0% < 50.0% | PF 0.00x < 1.1x | P&L $-61.82 ≤ $0 | H1 weak: WR=0% P&L=$-28 | H2 weak: WR=0% P&L=$-34 | Last 5 trades ALL losers | Recent coint weak: ADF p=0.302 > 0.1
2026-02-17 19:54:32,IR,ODFL,REJECTED,LONG,-1.9006,0.5542,25,48.0,0.27,-333.34,-1.71,13.6,WR 48.0% < 50.0% | PF 0.27x < 1.1x | P&L $-333.34 ≤ $0 | H1 weak: WR=33% P&L=$-299 | H2 weak: WR=62% P&L=$-34 | Recent coint weak: ADF p=0.285 > 0.1
2026-02-17 19:54:32,IBKR,WFC,REJECTED,LONG,-1.6991,0.3846,23,47.8,0.54,-184.41,-0.93,14.4,WR 47.8% < 50.0% | PF 0.54x < 1.1x | P&L $-184.41 ≤ $0 | H1 weak: WR=36% P&L=$-122 | H2 weak: WR=58% P&L=$-62 | Recent coint weak: ADF p=0.420 > 0.1
2026-02-17 19:54:32,BF-B,GIS,REJECTED,LONG,-2.8896,0.9200,23,60.9,3.40,+386.60,+1.75,16.3,Recent coint weak: ADF p=0.553 > 0.1
2026-02-17 19:54:32,DG,DLTR,REJECTED,SHORT,+2.6056,1.2624,22,50.0,1.34,+125.88,+0.43,16.2,H2 weak: WR=18% P&L=$-297 | Recent coint weak: ADF p=0.649 > 0.1
2026-02-17 20:03:11,HWM,JCI,REJECTED,LONG,-2.6954,0.4048,25,28.0,0.38,-368.53,-1.36,15.4,WR 28.0% < 50.0% | PF 0.38x < 1.1x | P&L $-368.53 ≤ $0 | Failed Year 1 P&L ($-345) | Failed Year 2 P&L ($-23) | Low Recent Cointegration: ADF p=0.640 > 0.1
2026-02-17 20:03:11,APD,IP,REJECTED,LONG,-1.8759,0.6456,27,59.3,2.99,+291.46,+1.65,13.1,Low Recent Cointegration: ADF p=0.727 > 0.1
2026-02-17 20:03:11,PPL,WEC,REJECTED,SHORT,+1.7558,0.7866,28,35.7,0.55,-63.18,-1.00,13.6,WR 35.7% < 50.0% | PF 0.55x < 1.1x | P&L $-63.18 ≤ $0 | Failed Year 2 P&L ($-70) | Low Recent Momentum: last 5 trades P&L=$-2 | Low Recent Cointegration: ADF p=0.348 > 0.1
2026-02-17 20:03:11,J,PNR,REJECTED,SHORT,+1.6183,-0.4687,18,44.4,1.08,+21.84,+0.10,20.9,WR 44.4% < 50.0% | PF 1.08x < 1.1x | Failed Year 1 P&L ($-132) | Low Recent Cointegration: ADF p=0.367 > 0.1
2026-02-17 20:03:11,NI,XEL,REJECTED,LONG,-4.0457,0.5162,23,39.1,0.51,-79.29,-1.03,15.3,WR 39.1% < 50.0% | PF 0.51x < 1.1x | P&L $-79.29 ≤ $0 | Failed Year 1 P&L ($-88) | Low Recent Cointegration: ADF p=0.211 > 0.1
2026-02-17 20:03:11,AME,LUV,REJECTED,LONG,-1.6611,0.3894,32,37.5,0.68,-187.82,-0.63,11.9,WR 37.5% < 50.0% | PF 0.68x < 1.1x | P&L $-187.82 ≤ $0 | Failed Year 1 P&L ($-285) | Low Recent Cointegration: ADF p=0.425 > 0.1
2026-02-17 20:03:11,KEY,RF,REJECTED,SHORT,+3.0635,1.2112,33,27.3,0.30,-135.33,-1.82,9.5,WR 27.3% < 50.0% | PF 0.30x < 1.1x | P&L $-135.33 ≤ $0 | Failed Year 1 P&L ($-89) | Failed Year 2 P&L ($-46) | Low Recent Momentum: last 5 trades P&L=$-2 | Low Recent Cointegration: ADF p=0.769 > 0.1
2026-02-17 20:03:11,EME,NSC,REJECTED,LONG,-1.8429,1.7710,25,52.0,0.99,-4.13,-0.02,15.3,PF 0.99x < 1.1x | P&L $-4.13 ≤ $0 | Failed Year 2 P&L ($-38) | Low Recent Cointegration: ADF p=0.401 > 0.1
2026-02-17 20:03:11,LNT,XEL,REJECTED,LONG,-3.0204,0.5835,32,28.1,0.64,-51.52,-0.64,10.8,WR 28.1% < 50.0% | PF 0.64x < 1.1x | P&L $-51.52 ≤ $0 | Failed Year 1 P&L ($-61) | Low Recent Cointegration: ADF p=0.743 > 0.1
2026-02-17 20:03:11,ALL,TRV,REJECTED,SHORT,+2.6213,0.7327,29,37.9,0.50,-116.07,-1.20,12.3,WR 37.9% < 50.0% | PF 0.50x < 1.1x | P&L $-116.07 ≤ $0 | Failed Year 1 P&L ($-39) | Failed Year 2 P&L ($-77) | Low Recent Momentum: last 5 trades P&L=$-15 | Low Recent Cointegration: ADF p=0.178 > 0.1
2026-02-17 20:03:11,CMI,LUV,REJECTED,SHORT,+2.2969,0.4658,26,26.9,0.62,-215.65,-0.67,13.9,WR 26.9% < 50.0% | PF 0.62x < 1.1x | P&L $-215.65 ≤ $0 | Failed Year 1 P&L ($-188) | Failed Year 2 P&L ($-28)
2026-02-17 20:03:11,GL,TRV,REJECTED,LONG,-1.5111,0.3653,30,50.0,1.26,+89.74,+0.26,12.7,Low Recent Momentum: last 5 trades P&L=$-5 | Low Recent Cointegration: ADF p=0.289 > 0.1
2026-02-17 20:03:11,CEG,XEL,REJECTED,SHORT,+3.9087,-0.4126,21,52.4,1.32,+114.72,+0.33,18.5,Low Recent Momentum: last 5 trades P&L=$-23 | Low Recent Cointegration: ADF p=0.976 > 0.1
2026-02-17 20:03:11,GOOG,WBD,REJECTED,SHORT,+2.5968,0.2095,28,39.3,0.70,-213.03,-0.62,12.8,WR 39.3% < 50.0% | PF 0.70x < 1.1x | P&L $-213.03 ≤ $0 | Failed Year 1 P&L ($-70) | Failed Year 2 P&L ($-143) | Low Recent Momentum: last 5 trades P&L=$-78 | Low Recent Cointegration: ADF p=0.383 > 0.1
2026-02-17 20:03:11,DHR,REGN,REJECTED,SHORT,+2.1933,0.1578,25,44.0,1.05,+20.93,+0.09,14.4,WR 44.0% < 50.0% | PF 1.05x < 1.1x | Failed Year 2 P&L ($-129) | Low Recent Momentum: last 5 trades P&L=$-134 | Low Recent Cointegration: ADF p=0.454 > 0.1
2026-02-17 20:03:11,GOOGL,WBD,REJECTED,SHORT,+2.6033,0.2026,28,42.9,0.74,-184.93,-0.53,12.8,WR 42.9% < 50.0% | PF 0.74x < 1.1x | P&L $-184.93 ≤ $0 | Failed Year 1 P&L ($-50) | Failed Year 2 P&L ($-135) | Low Recent Momentum: last 5 trades P&L=$-81 | Low Recent Cointegration: ADF p=0.392 > 0.1
2026-02-17 20:03:11,COF,WFC,REJECTED,SHORT,+1.5347,1.2049,28,28.6,0.73,-43.51,-0.49,12.2,WR 28.6% < 50.0% | PF 0.73x < 1.1x | P&L $-43.51 ≤ $0 | Failed Year 2 P&L ($-59) | Low Recent Momentum: last 5 trades P&L=$-53 | Low Recent Cointegration: ADF p=0.849 > 0.1
2026-02-17 20:03:11,BAX,MOH,REJECTED,SHORT,+2.1418,0.0908,23,43.5,0.89,-47.92,-0.18,17.5,WR 43.5% < 50.0% | PF 0.89x < 1.1x | P&L $-47.92 ≤ $0 | Failed Year 2 P&L ($-213) | Low Recent Momentum: last 5 trades P&L=$-23 | Low Recent Cointegration: ADF p=0.104 > 0.1
2026-02-17 20:03:11,AMZN,TSLA,REJECTED,LONG,-3.4627,0.1496,28,35.7,0.56,-374.34,-0.77,11.5,WR 35.7% < 50.0% | PF 0.56x < 1.1x | P&L $-374.34 ≤ $0 | Failed Year 2 P&L ($-382) | Low Recent Momentum: last 5 trades P&L=$-77 | Low Recent Cointegration: ADF p=0.291 > 0.1
2026-02-17 20:03:11,HD,NCLH,REJECTED,LONG,-2.5054,0.2091,27,40.7,0.79,-104.32,-0.35,13.8,WR 40.7% < 50.0% | PF 0.79x < 1.1x | P&L $-104.32 ≤ $0 | Failed Year 1 P&L ($-2) | Failed Year 2 P&L ($-102) | Low Recent Momentum: last 5 trades P&L=$-67
2026-02-17 20:03:11,AXP,BAC,REJECTED,SHORT,+1.5177,0.7471,23,26.1,0.31,-174.01,-1.57,16.7,WR 26.1% < 50.0% | PF 0.31x < 1.1x | P&L $-174.01 ≤ $0 | Failed Year 1 P&L ($-165) | Failed Year 2 P&L ($-9) | Low Recent Momentum: last 5 trades P&L=$-19 | Low Recent Cointegration: ADF p=0.799 > 0.1
2026-02-17 20:03:11,GOOGL,GOOG,REJECTED,LONG,-2.4587,1.0085,24,0.0,0.00,-61.82,-11.30,14.2,WR 0.0% < 50.0% | PF 0.00x < 1.1x | P&L $-61.82 ≤ $0 | Failed Year 1 P&L ($-28) | Failed Year 2 P&L ($-34) | Low Recent Momentum: last 5 trades P&L=$-14 | Low Recent Cointegration: ADF p=0.302 > 0.1
2026-02-17 20:03:11,IR,ODFL,REJECTED,LONG,-1.9006,0.5542,25,48.0,0.27,-333.34,-1.71,13.6,WR 48.0% < 50.0% | PF 0.27x < 1.1x | P&L $-333.34 ≤ $0 | Failed Year 1 P&L ($-299) | Failed Year 2 P&L ($-34) | Low Recent Momentum: last 5 trades P&L=$-55 | Low Recent Cointegration: ADF p=0.285 > 0.1
2026-02-17 20:03:11,IBKR,WFC,REJECTED,LONG,-1.6991,0.3846,23,47.8,0.54,-184.41,-0.93,14.4,WR 47.8% < 50.0% | PF 0.54x < 1.1x | P&L $-184.41 ≤ $0 | Failed Year 1 P&L ($-122) | Failed Year 2 P&L ($-62) | Low Recent Momentum: last 5 trades P&L=$-96 | Low Recent Cointegration: ADF p=0.420 > 0.1
2026-02-17 20:03:11,BF-B,GIS,REJECTED,LONG,-2.8896,0.9200,23,60.9,3.40,+386.61,+1.75,16.3,Low Recent Cointegration: ADF p=0.553 > 0.1
2026-02-17 20:03:11,DG,DLTR,REJECTED,SHORT,+2.6056,1.2624,22,50.0,1.34,+125.88,+0.43,16.2,Failed Year 2 P&L ($-297) | Low Recent Momentum: last 5 trades P&L=$-118 | Low Recent Cointegration: ADF p=0.649 > 0.1
2026-02-17 20:34:07,HWM,JCI,REJECTED,LONG,-2.6954,0.4048,25,32.0,0.30,-393.91,-1.56,15.4,WR 32.0% < 50.0% | PF 0.30x < 1.1x | P&L $-393.91 ≤ $0 | Failed Year 1 P&L ($-352) | Failed Year 2 P&L ($-42) | Low Recent Cointegration: ADF p=0.640 > 0.1
2026-02-17 20:34:07,APD,IP,REJECTED,LONG,-1.8759,0.6456,27,85.2,7.59,+392.66,+2.52,13.1,Low Recent Cointegration: ADF p=0.727 > 0.1
2026-02-17 20:34:07,PPL,WEC,REJECTED,SHORT,+1.7558,0.7866,28,25.0,0.30,-118.45,-2.11,13.6,WR 25.0% < 50.0% | PF 0.30x < 1.1x | P&L $-118.45 ≤ $0 | Failed Year 1 P&L ($-35) | Failed Year 2 P&L ($-84) | Low Recent Momentum: last 5 trades P&L=$-32 | Low Recent Cointegration: ADF p=0.348 > 0.1
2026-02-17 20:34:07,J,PNR,REJECTED,SHORT,+1.6183,-0.4687,18,55.6,0.90,-26.64,-0.14,20.9,PF 0.90x < 1.1x | P&L $-26.64 ≤ $0 | Failed Year 1 P&L ($-129) | Low Recent Cointegration: ADF p=0.367 > 0.1
2026-02-17 20:34:07,NI,XEL,REJECTED,LONG,-4.0457,0.5162,22,31.8,0.48,-91.93,-1.16,15.9,WR 31.8% < 50.0% | PF 0.48x < 1.1x | P&L $-91.93 ≤ $0 | Failed Year 1 P&L ($-105) | Low Recent Cointegration: ADF p=0.211 > 0.1
2026-02-17 20:34:07,AME,LUV,REJECTED,LONG,-1.6611,0.3894,32,31.2,0.39,-384.53,-1.47,11.9,WR 31.2% < 50.0% | PF 0.39x < 1.1x | P&L $-384.53 ≤ $0 | Failed Year 1 P&L ($-244) | Failed Year 2 P&L ($-140) | Low Recent Momentum: last 5 trades P&L=$-37 | Low Recent Cointegration: ADF p=0.425 > 0.1
2026-02-17 20:34:07,KEY,RF,REJECTED,SHORT,+3.0635,1.2112,33,42.4,0.40,-109.90,-1.47,9.5,WR 42.4% < 50.0% | PF 0.40x < 1.1x | P&L $-109.90 ≤ $0 | Failed Year 1 P&L ($-115) | Low Recent Momentum: last 5 trades P&L=$-12 | Low Recent Cointegration: ADF p=0.769 > 0.1
2026-02-17 20:34:07,EME,NSC,REJECTED,LONG,-1.8429,1.7710,25,28.0,0.68,-157.01,-0.55,15.3,WR 28.0% < 50.0% | PF 0.68x < 1.1x | P&L $-157.01 ≤ $0 | Failed Year 1 P&L ($-25) | Failed Year 2 P&L ($-132) | Low Recent Momentum: last 5 trades P&L=$-74 | Low Recent Cointegration: ADF p=0.401 > 0.1
2026-02-17 20:34:07,LNT,XEL,REJECTED,LONG,-3.0204,0.5835,32,46.9,1.05,+6.05,+0.07,10.8,WR 46.9% < 50.0% | PF 1.05x < 1.1x | Failed Year 1 P&L ($-54) | Low Recent Cointegration: ADF p=0.743 > 0.1
2026-02-17 20:34:07,ALL,TRV,REJECTED,SHORT,+2.6213,0.7327,29,44.8,0.99,-0.92,-0.01,12.3,WR 44.8% < 50.0% | PF 0.99x < 1.1x | P&L $-0.92 ≤ $0 | Failed Year 2 P&L ($-25) | Low Recent Momentum: last 5 trades P&L=$-22 | Low Recent Cointegration: ADF p=0.178 > 0.1
2026-02-17 20:34:07,CMI,LUV,REJECTED,SHORT,+2.2969,0.4658,26,38.5,0.62,-228.62,-0.72,13.9,WR 38.5% < 50.0% | PF 0.62x < 1.1x | P&L $-228.62 ≤ $0 | Failed Year 1 P&L ($-167) | Failed Year 2 P&L ($-62)
2026-02-17 20:34:07,GL,TRV,REJECTED,LONG,-1.5111,0.3653,30,46.7,1.69,+174.95,+0.60,12.7,WR 46.7% < 50.0% | Low Recent Cointegration: ADF p=0.289 > 0.1
2026-02-17 20:34:07,CEG,XEL,REJECTED,SHORT,+3.9087,-0.4126,21,47.6,1.18,+77.22,+0.20,18.5,WR 47.6% < 50.0% | Failed Year 2 P&L ($-42) | Low Recent Momentum: last 5 trades P&L=$-41 | Low Recent Cointegration: ADF p=0.976 > 0.1
2026-02-17 20:34:07,GOOG,WBD,REJECTED,SHORT,+2.5968,0.2095,28,42.9,0.60,-290.52,-0.91,12.8,WR 42.9% < 50.0% | PF 0.60x < 1.1x | P&L $-290.52 ≤ $0 | Failed Year 1 P&L ($-205) | Failed Year 2 P&L ($-85) | Low Recent Momentum: last 5 trades P&L=$-103 | Low Recent Cointegration: ADF p=0.383 > 0.1
2026-02-17 20:34:07,DHR,REGN,REJECTED,SHORT,+2.1933,0.1578,25,40.0,0.95,-18.12,-0.08,14.4,WR 40.0% < 50.0% | PF 0.95x < 1.1x | P&L $-18.12 ≤ $0 | Failed Year 2 P&L ($-86) | Low Recent Momentum: last 5 trades P&L=$-112 | Low Recent Cointegration: ADF p=0.454 > 0.1
2026-02-17 20:34:07,GOOGL,WBD,REJECTED,SHORT,+2.6033,0.2026,28,42.9,0.80,-147.01,-0.39,12.8,WR 42.9% < 50.0% | PF 0.80x < 1.1x | P&L $-147.01 ≤ $0 | Failed Year 1 P&L ($-209) | Low Recent Momentum: last 5 trades P&L=$-105 | Low Recent Cointegration: ADF p=0.392 > 0.1
2026-02-17 20:34:07,COF,WFC,REJECTED,SHORT,+1.5347,1.2049,28,50.0,1.02,+3.19,+0.03,12.2,PF 1.02x < 1.1x | Failed Year 2 P&L ($-5) | Low Recent Momentum: last 5 trades P&L=$-31 | Low Recent Cointegration: ADF p=0.849 > 0.1
2026-02-17 20:34:07,BAX,MOH,REJECTED,SHORT,+2.1418,0.0908,23,52.2,1.13,+58.75,+0.17,17.5,Failed Year 2 P&L ($-126) | Low Recent Momentum: last 5 trades P&L=$-67 | Low Recent Cointegration: ADF p=0.104 > 0.1
2026-02-17 20:34:07,AMZN,TSLA,REJECTED,LONG,-3.4627,0.1496,28,39.3,0.66,-311.24,-0.60,11.5,WR 39.3% < 50.0% | PF 0.66x < 1.1x | P&L $-311.24 ≤ $0 | Failed Year 2 P&L ($-523) | Low Recent Momentum: last 5 trades P&L=$-148 | Low Recent Cointegration: ADF p=0.291 > 0.1
2026-02-17 20:34:07,HD,NCLH,REJECTED,LONG,-2.5054,0.2091,27,33.3,0.61,-225.92,-0.77,13.8,WR 33.3% < 50.0% | PF 0.61x < 1.1x | P&L $-225.92 ≤ $0 | Failed Year 1 P&L ($-43) | Failed Year 2 P&L ($-183) | Low Recent Momentum: last 5 trades P&L=$-90
2026-02-17 20:34:07,AXP,BAC,REJECTED,SHORT,+1.5177,0.7471,23,39.1,0.41,-141.20,-1.26,16.7,WR 39.1% < 50.0% | PF 0.41x < 1.1x | P&L $-141.20 ≤ $0 | Failed Year 1 P&L ($-164) | Low Recent Cointegration: ADF p=0.799 > 0.1
2026-02-17 20:34:07,GOOGL,GOOG,REJECTED,LONG,-2.4587,1.0085,24,4.2,0.00,-57.34,-8.82,14.2,WR 4.2% < 50.0% | PF 0.00x < 1.1x | P&L $-57.34 ≤ $0 | Failed Year 1 P&L ($-23) | Failed Year 2 P&L ($-34) | Low Recent Momentum: last 5 trades P&L=$-15 | Low Recent Cointegration: ADF p=0.302 > 0.1
2026-02-17 20:34:07,IR,ODFL,REJECTED,LONG,-1.9006,0.5542,25,40.0,0.38,-281.40,-1.35,13.6,WR 40.0% < 50.0% | PF 0.38x < 1.1x | P&L $-281.40 ≤ $0 | Failed Year 1 P&L ($-334) | Low Recent Momentum: last 5 trades P&L=$-36 | Low Recent Cointegration: ADF p=0.285 > 0.1
2026-02-17 20:34:07,IBKR,WFC,REJECTED,LONG,-1.6991,0.3846,23,47.8,0.65,-127.79,-0.65,14.4,WR 47.8% < 50.0% | PF 0.65x < 1.1x | P&L $-127.79 ≤ $0 | Failed Year 1 P&L ($-35) | Failed Year 2 P&L ($-93) | Low Recent Momentum: last 5 trades P&L=$-92 | Low Recent Cointegration: ADF p=0.420 > 0.1
2026-02-17 20:34:07,BF-B,GIS,REJECTED,LONG,-2.8896,0.9200,23,60.9,2.94,+294.16,+1.51,16.3,Low Recent Cointegration: ADF p=0.553 > 0.1
2026-02-17 20:34:07,DG,DLTR,REJECTED,SHORT,+2.6056,1.2624,22,59.1,1.13,+48.75,+0.19,16.2,Failed Year 2 P&L ($-244) | Low Recent Momentum: last 5 trades P&L=$-88 | Low Recent Cointegration: ADF p=0.649 > 0.1
2026-02-17 20:40:58,HWM,JCI,REJECTED,LONG,-2.6954,0.4048,25,32.0,0.30,-393.91,-1.56,15.4,WR 32.0% < 50.0% | PF 0.30x < 1.1x | P&L $-393.91 ≤ $0 | Failed Year 1 P&L ($-352) | Failed Year 2 P&L ($-42) | Low Recent Cointegration: ADF p=0.640 > 0.1
2026-02-17 20:40:58,APD,IP,REJECTED,LONG,-1.8759,0.6456,27,85.2,7.59,+392.66,+2.52,13.1,Low Recent Cointegration: ADF p=0.727 > 0.1
2026-02-17 20:40:58,PPL,WEC,REJECTED,SHORT,+1.7558,0.7866,28,25.0,0.30,-118.45,-2.11,13.6,WR 25.0% < 50.0% | PF 0.30x < 1.1x | P&L $-118.45 ≤ $0 | Failed Year 1 P&L ($-35) | Failed Year 2 P&L ($-84) | Low Recent Momentum: last 5 trades P&L=$-32 | Low Recent Cointegration: ADF p=0.348 > 0.1
2026-02-17 20:40:58,J,PNR,REJECTED,SHORT,+1.6183,-0.4687,18,55.6,0.90,-26.64,-0.14,20.9,PF 0.90x < 1.1x | P&L $-26.64 ≤ $0 | Failed Year 1 P&L ($-129) | Low Recent Cointegration: ADF p=0.367 > 0.1
2026-02-17 20:40:58,NI,XEL,REJECTED,LONG,-4.0457,0.5162,22,31.8,0.48,-91.93,-1.16,15.9,WR 31.8% < 50.0% | PF 0.48x < 1.1x | P&L $-91.93 ≤ $0 | Failed Year 1 P&L ($-105) | Low Recent Cointegration: ADF p=0.211 > 0.1
2026-02-17 20:40:58,AME,LUV,REJECTED,LONG,-1.6611,0.3894,32,31.2,0.39,-384.53,-1.47,11.9,WR 31.2% < 50.0% | PF 0.39x < 1.1x | P&L $-384.53 ≤ $0 | Failed Year 1 P&L ($-244) | Failed Year 2 P&L ($-140) | Low Recent Momentum: last 5 trades P&L=$-37 | Low Recent Cointegration: ADF p=0.425 > 0.1
2026-02-17 20:40:58,KEY,RF,REJECTED,SHORT,+3.0635,1.2112,33,42.4,0.40,-109.90,-1.47,9.5,WR 42.4% < 50.0% | PF 0.40x < 1.1x | P&L $-109.90 ≤ $0 | Failed Year 1 P&L ($-115) | Low Recent Momentum: last 5 trades P&L=$-12 | Low Recent Cointegration: ADF p=0.769 > 0.1
2026-02-17 20:40:58,EME,NSC,REJECTED,LONG,-1.8429,1.7710,25,28.0,0.68,-157.01,-0.55,15.3,WR 28.0% < 50.0% | PF 0.68x < 1.1x | P&L $-157.01 ≤ $0 | Failed Year 1 P&L ($-25) | Failed Year 2 P&L ($-132) | Low Recent Momentum: last 5 trades P&L=$-74 | Low Recent Cointegration: ADF p=0.401 > 0.1
2026-02-17 20:40:58,LNT,XEL,REJECTED,LONG,-3.0204,0.5835,32,46.9,1.05,+6.05,+0.07,10.8,WR 46.9% < 50.0% | PF 1.05x < 1.1x | Failed Year 1 P&L ($-54) | Low Recent Cointegration: ADF p=0.743 > 0.1
2026-02-17 20:40:58,ALL,TRV,REJECTED,SHORT,+2.6213,0.7327,29,44.8,0.99,-0.92,-0.01,12.3,WR 44.8% < 50.0% | PF 0.99x < 1.1x | P&L $-0.92 ≤ $0 | Failed Year 2 P&L ($-25) | Low Recent Momentum: last 5 trades P&L=$-22 | Low Recent Cointegration: ADF p=0.178 > 0.1
2026-02-17 20:40:58,CMI,LUV,REJECTED,SHORT,+2.2969,0.4658,26,38.5,0.62,-228.62,-0.72,13.9,WR 38.5% < 50.0% | PF 0.62x < 1.1x | P&L $-228.62 ≤ $0 | Failed Year 1 P&L ($-167) | Failed Year 2 P&L ($-62)
2026-02-17 20:40:58,GL,TRV,REJECTED,LONG,-1.5111,0.3653,30,46.7,1.69,+174.95,+0.60,12.7,WR 46.7% < 50.0% | Low Recent Cointegration: ADF p=0.289 > 0.1
2026-02-17 20:40:58,CEG,XEL,REJECTED,SHORT,+3.9087,-0.4126,21,47.6,1.18,+77.22,+0.20,18.5,WR 47.6% < 50.0% | Failed Year 2 P&L ($-42) | Low Recent Momentum: last 5 trades P&L=$-41 | Low Recent Cointegration: ADF p=0.976 > 0.1
2026-02-17 20:40:58,GOOG,WBD,REJECTED,SHORT,+2.5968,0.2095,28,42.9,0.60,-290.52,-0.91,12.8,WR 42.9% < 50.0% | PF 0.60x < 1.1x | P&L $-290.52 ≤ $0 | Failed Year 1 P&L ($-205) | Failed Year 2 P&L ($-85) | Low Recent Momentum: last 5 trades P&L=$-103 | Low Recent Cointegration: ADF p=0.383 > 0.1
2026-02-17 20:40:58,DHR,REGN,REJECTED,SHORT,+2.1933,0.1578,25,40.0,0.95,-18.12,-0.08,14.4,WR 40.0% < 50.0% | PF 0.95x < 1.1x | P&L $-18.12 ≤ $0 | Failed Year 2 P&L ($-86) | Low Recent Momentum: last 5 trades P&L=$-112 | Low Recent Cointegration: ADF p=0.454 > 0.1
2026-02-17 20:40:58,GOOGL,WBD,REJECTED,SHORT,+2.6033,0.2026,28,42.9,0.80,-147.01,-0.39,12.8,WR 42.9% < 50.0% | PF 0.80x < 1.1x | P&L $-147.01 ≤ $0 | Failed Year 1 P&L ($-209) | Low Recent Momentum: last 5 trades P&L=$-105 | Low Recent Cointegration: ADF p=0.392 > 0.1
2026-02-17 20:40:58,COF,WFC,REJECTED,SHORT,+1.5347,1.2049,28,50.0,1.02,+3.19,+0.03,12.2,PF 1.02x < 1.1x | Failed Year 2 P&L ($-5) | Low Recent Momentum: last 5 trades P&L=$-31 | Low Recent Cointegration: ADF p=0.849 > 0.1
2026-02-17 20:40:58,BAX,MOH,REJECTED,SHORT,+2.1418,0.0908,23,52.2,1.13,+58.75,+0.17,17.5,Failed Year 2 P&L ($-126) | Low Recent Momentum: last 5 trades P&L=$-67 | Low Recent Cointegration: ADF p=0.104 > 0.1
2026-02-17 20:40:58,AMZN,TSLA,REJECTED,LONG,-3.4627,0.1496,28,39.3,0.66,-311.24,-0.60,11.5,WR 39.3% < 50.0% | PF 0.66x < 1.1x | P&L $-311.24 ≤ $0 | Failed Year 2 P&L ($-523) | Low Recent Momentum: last 5 trades P&L=$-148 | Low Recent Cointegration: ADF p=0.291 > 0.1
2026-02-17 20:40:58,HD,NCLH,REJECTED,LONG,-2.5054,0.2091,27,33.3,0.61,-225.92,-0.77,13.8,WR 33.3% < 50.0% | PF 0.61x < 1.1x | P&L $-225.92 ≤ $0 | Failed Year 1 P&L ($-43) | Failed Year 2 P&L ($-183) | Low Recent Momentum: last 5 trades P&L=$-90
2026-02-17 20:40:58,AXP,BAC,REJECTED,SHORT,+1.5177,0.7471,23,39.1,0.41,-141.20,-1.26,16.7,WR 39.1% < 50.0% | PF 0.41x < 1.1x | P&L $-141.20 ≤ $0 | Failed Year 1 P&L ($-164) | Low Recent Cointegration: ADF p=0.799 > 0.1
2026-02-17 20:40:58,GOOGL,GOOG,REJECTED,LONG,-2.4587,1.0085,24,4.2,0.00,-57.34,-8.82,14.2,WR 4.2% < 50.0% | PF 0.00x < 1.1x | P&L $-57.34 ≤ $0 | Failed Year 1 P&L ($-23) | Failed Year 2 P&L ($-34) | Low Recent Momentum: last 5 trades P&L=$-15 | Low Recent Cointegration: ADF p=0.302 > 0.1
2026-02-17 20:40:58,IR,ODFL,REJECTED,LONG,-1.9006,0.5542,25,40.0,0.38,-281.40,-1.35,13.6,WR 40.0% < 50.0% | PF 0.38x < 1.1x | P&L $-281.40 ≤ $0 | Failed Year 1 P&L ($-334) | Low Recent Momentum: last 5 trades P&L=$-36 | Low Recent Cointegration: ADF p=0.285 > 0.1
2026-02-17 20:40:58,IBKR,WFC,REJECTED,LONG,-1.6991,0.3846,23,47.8,0.65,-127.79,-0.65,14.4,WR 47.8% < 50.0% | PF 0.65x < 1.1x | P&L $-127.79 ≤ $0 | Failed Year 1 P&L ($-35) | Failed Year 2 P&L ($-93) | Low Recent Momentum: last 5 trades P&L=$-92 | Low Recent Cointegration: ADF p=0.420 > 0.1
2026-02-17 20:40:58,BF-B,GIS,REJECTED,LONG,-2.8896,0.9200,23,60.9,2.94,+294.16,+1.51,16.3,Low Recent Cointegration: ADF p=0.553 > 0.1
2026-02-17 20:40:58,DG,DLTR,REJECTED,SHORT,+2.6056,1.2624,22,59.1,1.13,+48.75,+0.19,16.2,Failed Year 2 P&L ($-244) | Low Recent Momentum: last 5 trades P&L=$-88 | Low Recent Cointegration: ADF p=0.649 > 0.1
2026-02-17 20:45:34,HWM,JCI,REJECTED,LONG,-2.6954,0.4048,25,32.0,0.30,-393.91,-1.56,15.4,WR 32.0% < 50.0% | PF 0.30x < 1.1x | P&L $-393.91 ≤ $0 | Failed Year 1 P&L ($-352) | Failed Year 2 P&L ($-42) | Low Recent Cointegration: ADF p=0.640 > 0.1
2026-02-17 20:45:34,APD,IP,REJECTED,LONG,-1.8759,0.6456,27,85.2,7.59,+392.66,+2.52,13.1,Low Recent Cointegration: ADF p=0.727 > 0.1
2026-02-17 20:45:34,PPL,WEC,REJECTED,SHORT,+1.7558,0.7866,28,25.0,0.30,-118.45,-2.11,13.6,WR 25.0% < 50.0% | PF 0.30x < 1.1x | P&L $-118.45 ≤ $0 | Failed Year 1 P&L ($-35) | Failed Year 2 P&L ($-84) | Low Recent Momentum: last 5 trades P&L=$-32 | Low Recent Cointegration: ADF p=0.348 > 0.1
2026-02-17 20:45:34,J,PNR,REJECTED,SHORT,+1.6183,-0.4687,18,55.6,0.90,-26.64,-0.14,20.9,PF 0.90x < 1.1x | P&L $-26.64 ≤ $0 | Failed Year 1 P&L ($-129) | Low Recent Cointegration: ADF p=0.367 > 0.1
2026-02-17 20:45:34,NI,XEL,REJECTED,LONG,-4.0457,0.5162,22,31.8,0.48,-91.93,-1.16,15.9,WR 31.8% < 50.0% | PF 0.48x < 1.1x | P&L $-91.93 ≤ $0 | Failed Year 1 P&L ($-105) | Low Recent Cointegration: ADF p=0.211 > 0.1
2026-02-17 20:45:34,AME,LUV,REJECTED,LONG,-1.6611,0.3894,32,31.2,0.39,-384.53,-1.47,11.9,WR 31.2% < 50.0% | PF 0.39x < 1.1x | P&L $-384.53 ≤ $0 | Failed Year 1 P&L ($-244) | Failed Year 2 P&L ($-140) | Low Recent Momentum: last 5 trades P&L=$-37 | Low Recent Cointegration: ADF p=0.425 > 0.1
2026-02-17 20:45:34,KEY,RF,REJECTED,SHORT,+3.0635,1.2112,33,42.4,0.40,-109.90,-1.47,9.5,WR 42.4% < 50.0% | PF 0.40x < 1.1x | P&L $-109.90 ≤ $0 | Failed Year 1 P&L ($-115) | Low Recent Momentum: last 5 trades P&L=$-12 | Low Recent Cointegration: ADF p=0.769 > 0.1
2026-02-17 20:45:34,EME,NSC,REJECTED,LONG,-1.8429,1.7710,25,28.0,0.68,-157.01,-0.55,15.3,WR 28.0% < 50.0% | PF 0.68x < 1.1x | P&L $-157.01 ≤ $0 | Failed Year 1 P&L ($-25) | Failed Year 2 P&L ($-132) | Low Recent Momentum: last 5 trades P&L=$-74 | Low Recent Cointegration: ADF p=0.401 > 0.1
2026-02-17 20:45:34,LNT,XEL,REJECTED,LONG,-3.0204,0.5835,32,46.9,1.05,+6.05,+0.07,10.8,WR 46.9% < 50.0% | PF 1.05x < 1.1x | Failed Year 1 P&L ($-54) | Low Recent Cointegration: ADF p=0.743 > 0.1
2026-02-17 20:45:34,ALL,TRV,REJECTED,SHORT,+2.6213,0.7327,29,44.8,0.99,-0.92,-0.01,12.3,WR 44.8% < 50.0% | PF 0.99x < 1.1x | P&L $-0.92 ≤ $0 | Failed Year 2 P&L ($-25) | Low Recent Momentum: last 5 trades P&L=$-22 | Low Recent Cointegration: ADF p=0.178 > 0.1
2026-02-17 20:45:34,CMI,LUV,REJECTED,SHORT,+2.2969,0.4658,26,38.5,0.62,-228.62,-0.72,13.9,WR 38.5% < 50.0% | PF 0.62x < 1.1x | P&L $-228.62 ≤ $0 | Failed Year 1 P&L ($-167) | Failed Year 2 P&L ($-62)
2026-02-17 20:45:34,GL,TRV,REJECTED,LONG,-1.5111,0.3653,30,46.7,1.69,+174.95,+0.60,12.7,WR 46.7% < 50.0% | Low Recent Cointegration: ADF p=0.289 > 0.1
2026-02-17 20:45:34,CEG,XEL,REJECTED,SHORT,+3.9087,-0.4126,21,47.6,1.18,+77.22,+0.20,18.5,WR 47.6% < 50.0% | Failed Year 2 P&L ($-42) | Low Recent Momentum: last 5 trades P&L=$-41 | Low Recent Cointegration: ADF p=0.976 > 0.1
2026-02-17 20:45:34,GOOG,WBD,REJECTED,SHORT,+2.5968,0.2095,28,42.9,0.60,-290.52,-0.91,12.8,WR 42.9% < 50.0% | PF 0.60x < 1.1x | P&L $-290.52 ≤ $0 | Failed Year 1 P&L ($-205) | Failed Year 2 P&L ($-85) | Low Recent Momentum: last 5 trades P&L=$-103 | Low Recent Cointegration: ADF p=0.383 > 0.1
2026-02-17 20:45:34,DHR,REGN,REJECTED,SHORT,+2.1933,0.1578,25,40.0,0.95,-18.12,-0.08,14.4,WR 40.0% < 50.0% | PF 0.95x < 1.1x | P&L $-18.12 ≤ $0 | Failed Year 2 P&L ($-86) | Low Recent Momentum: last 5 trades P&L=$-112 | Low Recent Cointegration: ADF p=0.454 > 0.1
2026-02-17 20:45:34,GOOGL,WBD,REJECTED,SHORT,+2.6033,0.2026,28,42.9,0.80,-147.01,-0.39,12.8,WR 42.9% < 50.0% | PF 0.80x < 1.1x | P&L $-147.01 ≤ $0 | Failed Year 1 P&L ($-209) | Low Recent Momentum: last 5 trades P&L=$-105 | Low Recent Cointegration: ADF p=0.392 > 0.1
2026-02-17 20:45:34,COF,WFC,REJECTED,SHORT,+1.5347,1.2049,28,50.0,1.02,+3.19,+0.03,12.2,PF 1.02x < 1.1x | Failed Year 2 P&L ($-5) | Low Recent Momentum: last 5 trades P&L=$-31 | Low Recent Cointegration: ADF p=0.849 > 0.1
2026-02-17 20:45:34,BAX,MOH,REJECTED,SHORT,+2.1418,0.0908,23,52.2,1.13,+58.75,+0.17,17.5,Failed Year 2 P&L ($-126) | Low Recent Momentum: last 5 trades P&L=$-67 | Low Recent Cointegration: ADF p=0.104 > 0.1
2026-02-17 20:45:34,AMZN,TSLA,REJECTED,LONG,-3.4627,0.1496,28,39.3,0.66,-311.24,-0.60,11.5,WR 39.3% < 50.0% | PF 0.66x < 1.1x | P&L $-311.24 ≤ $0 | Failed Year 2 P&L ($-523) | Low Recent Momentum: last 5 trades P&L=$-148 | Low Recent Cointegration: ADF p=0.291 > 0.1
2026-02-17 20:45:34,HD,NCLH,REJECTED,LONG,-2.5054,0.2091,27,33.3,0.61,-225.92,-0.77,13.8,WR 33.3% < 50.0% | PF 0.61x < 1.1x | P&L $-225.92 ≤ $0 | Failed Year 1 P&L ($-43) | Failed Year 2 P&L ($-183) | Low Recent Momentum: last 5 trades P&L=$-90
2026-02-17 20:45:34,AXP,BAC,REJECTED,SHORT,+1.5177,0.7471,23,39.1,0.41,-141.20,-1.26,16.7,WR 39.1% < 50.0% | PF 0.41x < 1.1x | P&L $-141.20 ≤ $0 | Failed Year 1 P&L ($-164) | Low Recent Cointegration: ADF p=0.799 > 0.1
2026-02-17 20:45:34,GOOGL,GOOG,REJECTED,LONG,-2.4587,1.0085,24,4.2,0.00,-57.34,-8.82,14.2,WR 4.2% < 50.0% | PF 0.00x < 1.1x | P&L $-57.34 ≤ $0 | Failed Year 1 P&L ($-23) | Failed Year 2 P&L ($-34) | Low Recent Momentum: last 5 trades P&L=$-15 | Low Recent Cointegration: ADF p=0.302 > 0.1
2026-02-17 20:45:34,IR,ODFL,REJECTED,LONG,-1.9006,0.5542,25,40.0,0.38,-281.40,-1.35,13.6,WR 40.0% < 50.0% | PF 0.38x < 1.1x | P&L $-281.40 ≤ $0 | Failed Year 1 P&L ($-334) | Low Recent Momentum: last 5 trades P&L=$-36 | Low Recent Cointegration: ADF p=0.285 > 0.1
2026-02-17 20:45:34,IBKR,WFC,REJECTED,LONG,-1.6991,0.3846,23,47.8,0.65,-127.79,-0.65,14.4,WR 47.8% < 50.0% | PF 0.65x < 1.1x | P&L $-127.79 ≤ $0 | Failed Year 1 P&L ($-35) | Failed Year 2 P&L ($-93) | Low Recent Momentum: last 5 trades P&L=$-92 | Low Recent Cointegration: ADF p=0.420 > 0.1
2026-02-17 20:45:34,BF-B,GIS,REJECTED,LONG,-2.8896,0.9200,23,60.9,2.94,+294.16,+1.51,16.3,Low Recent Cointegration: ADF p=0.553 > 0.1
2026-02-17 20:45:34,DG,DLTR,REJECTED,SHORT,+2.6056,1.2624,22,59.1,1.13,+48.75,+0.19,16.2,Failed Year 2 P&L ($-244) | Low Recent Momentum: last 5 trades P&L=$-88 | Low Recent Cointegration: ADF p=0.649 > 0.1
2026-02-17 21:42:46,HWM,JCI,REJECTED,LONG,-2.6954,0.4048,26,30.8,0.30,-395.91,-1.57,14.8,WR 30.8% < 50.0% | PF 0.30x < 1.1x | P&L $-395.91 ≤ $0 | Failed H1 P&L ($-282) | Failed H2 P&L ($-114) | Low Recent Cointegration: ADF p=0.640 > 0.1
2026-02-17 21:42:46,APD,IP,REJECTED,LONG,-1.8759,0.6456,28,82.1,3.12,+307.32,+1.54,13.1,Low Recent Cointegration: ADF p=0.727 > 0.1
2026-02-17 21:42:46,PPL,WEC,REJECTED,SHORT,+1.7558,0.7866,29,24.1,0.30,-120.45,-2.14,13.1,WR 24.1% < 50.0% | PF 0.30x < 1.1x | P&L $-120.45 ≤ $0 | Failed H1 P&L ($-50) | Failed H2 P&L ($-71) | Low Recent Momentum: last 5 trades P&L=$-29 | Low Recent Cointegration: ADF p=0.348 > 0.1
2026-02-17 21:42:46,J,PNR,REJECTED,SHORT,+1.6183,-0.4687,19,52.6,0.86,-38.83,-0.21,20.6,PF 0.86x < 1.1x | P&L $-38.83 ≤ $0 | Failed H1 P&L ($-129) | Low Recent Cointegration: ADF p=0.367 > 0.1
2026-02-17 21:42:46,NI,XEL,REJECTED,LONG,-4.0457,0.5162,23,30.4,0.48,-93.93,-1.18,15.2,WR 30.4% < 50.0% | PF 0.48x < 1.1x | P&L $-93.93 ≤ $0 | Failed H1 P&L ($-105) | Low Recent Cointegration: ADF p=0.211 > 0.1
2026-02-17 21:42:46,AME,LUV,REJECTED,LONG,-1.6611,0.3894,33,33.3,0.42,-362.11,-1.36,11.7,WR 33.3% < 50.0% | PF 0.42x < 1.1x | P&L $-362.11 ≤ $0 | Failed H1 P&L ($-241) | Failed H2 P&L ($-122) | Low Recent Momentum: last 5 trades P&L=$-63 | Low Recent Cointegration: ADF p=0.425 > 0.1
2026-02-17 21:42:46,KEY,RF,REJECTED,SHORT,+3.0635,1.2112,34,41.2,0.40,-111.19,-1.49,9.3,WR 41.2% < 50.0% | PF 0.40x < 1.1x | P&L $-111.19 ≤ $0 | Failed H1 P&L ($-119) | Low Recent Momentum: last 5 trades P&L=$-7 | Low Recent Cointegration: ADF p=0.769 > 0.1
2026-02-17 21:42:46,EME,NSC,REJECTED,LONG,-1.8429,1.7710,26,30.8,0.70,-146.62,-0.51,15.1,WR 30.8% < 50.0% | PF 0.70x < 1.1x | P&L $-146.62 ≤ $0 | Failed H1 P&L ($-11) | Failed H2 P&L ($-135) | Low Recent Momentum: last 5 trades P&L=$-85 | Low Recent Cointegration: ADF p=0.401 > 0.1
2026-02-17 21:42:46,LNT,XEL,REJECTED,LONG,-3.0204,0.5835,33,45.5,1.02,+1.87,+0.02,10.7,WR 45.5% < 50.0% | PF 1.02x < 1.1x | Failed H1 P&L ($-57) | Low Recent Cointegration: ADF p=0.743 > 0.1
2026-02-17 21:42:46,ALL,TRV,REJECTED,SHORT,+2.6213,0.7327,30,43.3,0.86,-26.11,-0.26,12.0,WR 43.3% < 50.0% | PF 0.86x < 1.1x | P&L $-26.11 ≤ $0 | Failed H2 P&L ($-78) | Low Recent Momentum: last 5 trades P&L=$-44 | Low Recent Cointegration: ADF p=0.178 > 0.1
2026-02-17 21:42:46,CMI,LUV,REJECTED,SHORT,+2.2969,0.4658,27,37.0,0.58,-268.98,-0.83,13.5,WR 37.0% < 50.0% | PF 0.58x < 1.1x | P&L $-268.98 ≤ $0 | Failed H1 P&L ($-84) | Failed H2 P&L ($-185)
2026-02-17 21:42:46,GL,TRV,REJECTED,LONG,-1.5111,0.3653,30,46.7,1.69,+174.95,+0.60,12.7,WR 46.7% < 50.0% | Low Recent Cointegration: ADF p=0.289 > 0.1
2026-02-17 21:42:46,CEG,XEL,REJECTED,SHORT,+3.9087,-0.4126,21,47.6,1.18,+77.22,+0.20,18.5,WR 47.6% < 50.0% | Failed H2 P&L ($-61) | Low Recent Momentum: last 5 trades P&L=$-41 | Low Recent Cointegration: ADF p=0.976 > 0.1
2026-02-17 21:42:46,GOOG,WBD,REJECTED,SHORT,+2.5968,0.2095,29,44.8,0.64,-261.48,-0.80,12.9,WR 44.8% < 50.0% | PF 0.64x < 1.1x | P&L $-261.48 ≤ $0 | Failed H1 P&L ($-151) | Failed H2 P&L ($-110) | Low Recent Momentum: last 5 trades P&L=$-16 | Low Recent Cointegration: ADF p=0.383 > 0.1
2026-02-17 21:42:46,DHR,REGN,REJECTED,SHORT,+2.1933,0.1578,26,38.5,0.95,-20.12,-0.09,13.9,WR 38.5% < 50.0% | PF 0.95x < 1.1x | P&L $-20.12 ≤ $0 | Failed H2 P&L ($-81) | Low Recent Momentum: last 5 trades P&L=$-112 | Low Recent Cointegration: ADF p=0.454 > 0.1
2026-02-17 21:42:46,GOOGL,WBD,REJECTED,SHORT,+2.6033,0.2026,29,44.8,0.84,-117.95,-0.30,12.9,WR 44.8% < 50.0% | PF 0.84x < 1.1x | P&L $-117.95 ≤ $0 | Failed H1 P&L ($-159) | Low Recent Momentum: last 5 trades P&L=$-17 | Low Recent Cointegration: ADF p=0.392 > 0.1
2026-02-17 21:42:46,COF,WFC,REJECTED,SHORT,+1.5347,1.2049,29,51.7,1.02,+4.02,+0.04,11.8,PF 1.02x < 1.1x | Failed H2 P&L ($-21) | Low Recent Momentum: last 5 trades P&L=$-22 | Low Recent Cointegration: ADF p=0.849 > 0.1
2026-02-17 21:42:46,BAX,MOH,REJECTED,SHORT,+2.1418,0.0908,24,54.2,1.31,+145.30,+0.40,16.9,Failed H2 P&L ($-57) | Low Recent Cointegration: ADF p=0.104 > 0.1
2026-02-17 21:42:46,AMZN,TSLA,REJECTED,LONG,-3.4627,0.1496,29,37.9,0.66,-315.71,-0.61,11.2,WR 37.9% < 50.0% | PF 0.66x < 1.1x | P&L $-315.71 ≤ $0 | Failed H2 P&L ($-472) | Low Recent Momentum: last 5 trades P&L=$-82 | Low Recent Cointegration: ADF p=0.291 > 0.1
2026-02-17 21:42:46,HD,NCLH,REJECTED,LONG,-2.5054,0.2091,28,35.7,0.67,-188.97,-0.63,13.4,WR 35.7% < 50.0% | PF 0.67x < 1.1x | P&L $-188.97 ≤ $0 | Failed H1 P&L ($-43) | Failed H2 P&L ($-146) | Low Recent Momentum: last 5 trades P&L=$-76
2026-02-17 21:42:46,AXP,BAC,REJECTED,SHORT,+1.5177,0.7471,24,41.7,0.44,-133.40,-1.17,16.1,WR 41.7% < 50.0% | PF 0.44x < 1.1x | P&L $-133.40 ≤ $0 | Failed H1 P&L ($-164) | Low Recent Cointegration: ADF p=0.799 > 0.1
2026-02-17 21:42:46,GOOGL,GOOG,REJECTED,LONG,-2.4587,1.0085,25,4.0,0.00,-59.09,-8.87,14.1,WR 4.0% < 50.0% | PF 0.00x < 1.1x | P&L $-59.09 ≤ $0 | Failed H1 P&L ($-18) | Failed H2 P&L ($-41) | Low Recent Momentum: last 5 trades P&L=$-15 | Low Recent Cointegration: ADF p=0.302 > 0.1
2026-02-17 21:42:46,IR,ODFL,REJECTED,LONG,-1.9006,0.5542,26,42.3,0.40,-273.37,-1.27,13.8,WR 42.3% < 50.0% | PF 0.40x < 1.1x | P&L $-273.37 ≤ $0 | Failed H1 P&L ($-314) | Low Recent Momentum: last 5 trades P&L=$-35 | Low Recent Cointegration: ADF p=0.285 > 0.1
2026-02-17 21:42:46,IBKR,WFC,REJECTED,LONG,-1.6991,0.3846,24,50.0,0.85,-54.23,-0.24,14.9,PF 0.85x < 1.1x | P&L $-54.23 ≤ $0 | Failed H1 P&L ($-11) | Failed H2 P&L ($-43) | Low Recent Momentum: last 5 trades P&L=$-76 | Low Recent Cointegration: ADF p=0.420 > 0.1
2026-02-17 21:42:46,BF-B,GIS,REJECTED,LONG,-2.8896,0.9200,24,62.5,2.97,+298.70,+1.49,16.6,Low Recent Cointegration: ADF p=0.553 > 0.1
2026-02-17 21:42:46,DG,DLTR,REJECTED,SHORT,+2.6056,1.2624,23,56.5,1.05,+19.75,+0.08,15.5,PF 1.05x < 1.1x | Failed H2 P&L ($-184) | Low Recent Momentum: last 5 trades P&L=$-51 | Low Recent Cointegration: ADF p=0.649 > 0.1
2026-02-17 21:45:39,HWM,JCI,REJECTED,LONG,-2.6954,0.4048,26,30.8,0.30,-395.91,-1.57,14.8,WR 30.8% < 50.0% | PF 0.30x < 1.1x | P&L $-395.91 ≤ $0 | Failed H1 P&L ($-282) | Failed H2 P&L ($-114) | Low Recent Cointegration: ADF p=0.640 > 0.1
2026-02-17 21:45:39,APD,IP,REJECTED,LONG,-1.8759,0.6456,28,82.1,3.12,+307.32,+1.54,13.1,Low Recent Cointegration: ADF p=0.727 > 0.1
2026-02-17 21:45:39,PPL,WEC,REJECTED,SHORT,+1.7558,0.7866,29,24.1,0.30,-120.45,-2.14,13.1,WR 24.1% < 50.0% | PF 0.30x < 1.1x | P&L $-120.45 ≤ $0 | Failed H1 P&L ($-50) | Failed H2 P&L ($-71) | Low Recent Momentum: last 5 trades P&L=$-29 | Low Recent Cointegration: ADF p=0.348 > 0.1
2026-02-17 21:45:39,J,PNR,REJECTED,SHORT,+1.6183,-0.4687,19,52.6,0.86,-38.83,-0.21,20.6,PF 0.86x < 1.1x | P&L $-38.83 ≤ $0 | Failed H1 P&L ($-129) | Low Recent Cointegration: ADF p=0.367 > 0.1
2026-02-17 21:45:39,NI,XEL,REJECTED,LONG,-4.0457,0.5162,23,30.4,0.48,-93.93,-1.18,15.2,WR 30.4% < 50.0% | PF 0.48x < 1.1x | P&L $-93.93 ≤ $0 | Failed H1 P&L ($-105) | Low Recent Cointegration: ADF p=0.211 > 0.1
2026-02-17 21:45:39,AME,LUV,REJECTED,LONG,-1.6611,0.3894,33,33.3,0.42,-362.11,-1.36,11.7,WR 33.3% < 50.0% | PF 0.42x < 1.1x | P&L $-362.11 ≤ $0 | Failed H1 P&L ($-241) | Failed H2 P&L ($-122) | Low Recent Momentum: last 5 trades P&L=$-63 | Low Recent Cointegration: ADF p=0.425 > 0.1
2026-02-17 21:45:39,KEY,RF,REJECTED,SHORT,+3.0635,1.2112,34,41.2,0.40,-111.19,-1.49,9.3,WR 41.2% < 50.0% | PF 0.40x < 1.1x | P&L $-111.19 ≤ $0 | Failed H1 P&L ($-119) | Low Recent Momentum: last 5 trades P&L=$-7 | Low Recent Cointegration: ADF p=0.769 > 0.1
2026-02-17 21:45:39,EME,NSC,REJECTED,LONG,-1.8429,1.7710,26,30.8,0.70,-146.62,-0.51,15.1,WR 30.8% < 50.0% | PF 0.70x < 1.1x | P&L $-146.62 ≤ $0 | Failed H1 P&L ($-11) | Failed H2 P&L ($-135) | Low Recent Momentum: last 5 trades P&L=$-85 | Low Recent Cointegration: ADF p=0.401 > 0.1
2026-02-17 21:45:39,LNT,XEL,REJECTED,LONG,-3.0204,0.5835,33,45.5,1.02,+1.87,+0.02,10.7,WR 45.5% < 50.0% | PF 1.02x < 1.1x | Failed H1 P&L ($-57) | Low Recent Cointegration: ADF p=0.743 > 0.1
2026-02-17 21:45:39,ALL,TRV,REJECTED,SHORT,+2.6213,0.7327,30,43.3,0.86,-26.11,-0.26,12.0,WR 43.3% < 50.0% | PF 0.86x < 1.1x | P&L $-26.11 ≤ $0 | Failed H2 P&L ($-78) | Low Recent Momentum: last 5 trades P&L=$-44 | Low Recent Cointegration: ADF p=0.178 > 0.1
2026-02-17 21:45:39,CMI,LUV,REJECTED,SHORT,+2.2969,0.4658,27,37.0,0.58,-268.98,-0.83,13.5,WR 37.0% < 50.0% | PF 0.58x < 1.1x | P&L $-268.98 ≤ $0 | Failed H1 P&L ($-84) | Failed H2 P&L ($-185)
2026-02-17 21:45:39,GL,TRV,REJECTED,LONG,-1.5111,0.3653,30,46.7,1.69,+174.95,+0.60,12.7,WR 46.7% < 50.0% | Low Recent Cointegration: ADF p=0.289 > 0.1
2026-02-17 21:45:39,CEG,XEL,REJECTED,SHORT,+3.9087,-0.4126,21,47.6,1.18,+77.22,+0.20,18.5,WR 47.6% < 50.0% | Failed H2 P&L ($-61) | Low Recent Momentum: last 5 trades P&L=$-41 | Low Recent Cointegration: ADF p=0.976 > 0.1
2026-02-17 21:45:39,GOOG,WBD,REJECTED,SHORT,+2.5968,0.2095,29,44.8,0.64,-261.48,-0.80,12.9,WR 44.8% < 50.0% | PF 0.64x < 1.1x | P&L $-261.48 ≤ $0 | Failed H1 P&L ($-151) | Failed H2 P&L ($-110) | Low Recent Momentum: last 5 trades P&L=$-16 | Low Recent Cointegration: ADF p=0.383 > 0.1
2026-02-17 21:45:39,DHR,REGN,REJECTED,SHORT,+2.1933,0.1578,26,38.5,0.95,-20.12,-0.09,13.9,WR 38.5% < 50.0% | PF 0.95x < 1.1x | P&L $-20.12 ≤ $0 | Failed H2 P&L ($-81) | Low Recent Momentum: last 5 trades P&L=$-112 | Low Recent Cointegration: ADF p=0.454 > 0.1
2026-02-17 21:45:39,GOOGL,WBD,REJECTED,SHORT,+2.6033,0.2026,29,44.8,0.84,-117.95,-0.30,12.9,WR 44.8% < 50.0% | PF 0.84x < 1.1x | P&L $-117.95 ≤ $0 | Failed H1 P&L ($-159) | Low Recent Momentum: last 5 trades P&L=$-17 | Low Recent Cointegration: ADF p=0.392 > 0.1
2026-02-17 21:45:39,COF,WFC,REJECTED,SHORT,+1.5347,1.2049,29,51.7,1.02,+4.02,+0.04,11.8,PF 1.02x < 1.1x | Failed H2 P&L ($-21) | Low Recent Momentum: last 5 trades P&L=$-22 | Low Recent Cointegration: ADF p=0.849 > 0.1
2026-02-17 21:45:39,BAX,MOH,REJECTED,SHORT,+2.1418,0.0908,24,54.2,1.31,+145.30,+0.40,16.9,Failed H2 P&L ($-57) | Low Recent Cointegration: ADF p=0.104 > 0.1
2026-02-17 21:45:39,AMZN,TSLA,REJECTED,LONG,-3.4627,0.1496,29,37.9,0.66,-315.71,-0.61,11.2,WR 37.9% < 50.0% | PF 0.66x < 1.1x | P&L $-315.71 ≤ $0 | Failed H2 P&L ($-472) | Low Recent Momentum: last 5 trades P&L=$-82 | Low Recent Cointegration: ADF p=0.291 > 0.1
2026-02-17 21:45:39,HD,NCLH,REJECTED,LONG,-2.5054,0.2091,28,35.7,0.67,-188.97,-0.63,13.4,WR 35.7% < 50.0% | PF 0.67x < 1.1x | P&L $-188.97 ≤ $0 | Failed H1 P&L ($-43) | Failed H2 P&L ($-146) | Low Recent Momentum: last 5 trades P&L=$-76
2026-02-17 21:45:39,AXP,BAC,REJECTED,SHORT,+1.5177,0.7471,24,41.7,0.44,-133.40,-1.17,16.1,WR 41.7% < 50.0% | PF 0.44x < 1.1x | P&L $-133.40 ≤ $0 | Failed H1 P&L ($-164) | Low Recent Cointegration: ADF p=0.799 > 0.1
2026-02-17 21:45:39,GOOGL,GOOG,REJECTED,LONG,-2.4587,1.0085,25,4.0,0.00,-59.09,-8.87,14.1,WR 4.0% < 50.0% | PF 0.00x < 1.1x | P&L $-59.09 ≤ $0 | Failed H1 P&L ($-18) | Failed H2 P&L ($-41) | Low Recent Momentum: last 5 trades P&L=$-15 | Low Recent Cointegration: ADF p=0.302 > 0.1
2026-02-17 21:45:39,IR,ODFL,REJECTED,LONG,-1.9006,0.5542,26,42.3,0.40,-273.37,-1.27,13.8,WR 42.3% < 50.0% | PF 0.40x < 1.1x | P&L $-273.37 ≤ $0 | Failed H1 P&L ($-314) | Low Recent Momentum: last 5 trades P&L=$-35 | Low Recent Cointegration: ADF p=0.285 > 0.1
2026-02-17 21:45:39,IBKR,WFC,REJECTED,LONG,-1.6991,0.3846,24,50.0,0.85,-54.23,-0.24,14.9,PF 0.85x < 1.1x | P&L $-54.23 ≤ $0 | Failed H1 P&L ($-11) | Failed H2 P&L ($-43) | Low Recent Momentum: last 5 trades P&L=$-76 | Low Recent Cointegration: ADF p=0.420 > 0.1
2026-02-17 21:45:39,BF-B,GIS,REJECTED,LONG,-2.8896,0.9200,24,62.5,2.97,+298.70,+1.49,16.6,Low Recent Cointegration: ADF p=0.553 > 0.1
2026-02-17 21:45:39,DG,DLTR,REJECTED,SHORT,+2.6056,1.2624,23,56.5,1.05,+19.75,+0.08,15.5,PF 1.05x < 1.1x | Failed H2 P&L ($-184) | Low Recent Momentum: last 5 trades P&L=$-51 | Low Recent Cointegration: ADF p=0.649 > 0.1
